,A,C,D,E,F,G,H,I,K,L,M,N,P,Q,R,S,T,V,W,Y,B,Z,X,*
A,1.0,0.5,0.25,0.375,0.25,0.5,0.25,0.375,0.375,0.375,0.375,0.25,0.375,0.375,0.375,0.625,0.5,0.5,0.125,0.25,0.25,0.375,0.5,0.0
C,0.5,1.0,0.125,0.0,0.25,0.125,0.125,0.375,0.125,0.375,0.375,0.125,0.125,0.125,0.125,0.375,0.375,0.375,0.25,0.25,0.125,0.125,0.25,0.0
D,0.25,0.125,1.0,0.75,0.125,0.375,0.375,0.125,0.375,0.0,0.125,0.625,0.375,0.5,0.25,0.5,0.375,0.125,0.0,0.125,1.0,0.625,0.375,0.0
E,0.375,0.0,0.75,1.0,0.125,0.25,0.5,0.125,0.625,0.125,0.25,0.5,0.375,0.75,0.5,0.5,0.375,0.25,0.125,0.25,0.625,1.0,0.375,0.0
F,0.25,0.25,0.125,0.125,1.0,0.125,0.375,0.5,0.125,0.5,0.5,0.125,0.0,0.125,0.125,0.25,0.25,0.375,0.625,0.875,0.125,0.125,0.375,0.0
G,0.5,0.125,0.375,0.25,0.125,1.0,0.25,0.0,0.25,0.0,0.125,0.5,0.25,0.25,0.25,0.5,0.25,0.125,0.25,0.125,0.375,0.25,0.375,0.0
H,0.25,0.125,0.375,0.5,0.375,0.25,1.0,0.125,0.375,0.125,0.25,0.625,0.25,0.5,0.5,0.375,0.25,0.125,0.25,0.75,0.5,0.5,0.375,0.0
I,0.375,0.375,0.125,0.125,0.5,0.0,0.125,1.0,0.125,0.75,0.625,0.125,0.125,0.125,0.125,0.25,0.375,0.875,0.125,0.375,0.125,0.125,0.375,0.0
K,0.375,0.125,0.375,0.625,0.125,0.25,0.375,0.125,1.0,0.25,0.375,0.5,0.375,0.625,0.75,0.5,0.375,0.25,0.125,0.25,0.5,0.625,0.375,0.0
L,0.375,0.375,0.0,0.125,0.5,0.0,0.125,0.75,0.25,1.0,0.75,0.125,0.125,0.25,0.25,0.25,0.375,0.625,0.25,0.375,0.0,0.125,0.375,0.0
M,0.375,0.375,0.125,0.25,0.5,0.125,0.25,0.625,0.375,0.75,1.0,0.25,0.25,0.5,0.375,0.375,0.375,0.625,0.375,0.375,0.125,0.375,0.375,0.0
N,0.25,0.125,0.625,0.5,0.125,0.5,0.625,0.125,0.5,0.125,0.25,1.0,0.25,0.5,0.5,0.625,0.5,0.125,0.0,0.25,0.875,0.5,0.375,0.0
P,0.375,0.125,0.375,0.375,0.0,0.25,0.25,0.125,0.375,0.125,0.25,0.25,1.0,0.375,0.25,0.375,0.375,0.25,0.0,0.125,0.25,0.375,0.25,0.0
Q,0.375,0.125,0.5,0.75,0.125,0.25,0.5,0.125,0.625,0.25,0.5,0.5,0.375,1.0,0.625,0.5,0.375,0.25,0.25,0.375,0.5,0.875,0.375,0.0
R,0.375,0.125,0.25,0.5,0.125,0.25,0.5,0.125,0.75,0.25,0.375,0.5,0.25,0.625,1.0,0.375,0.375,0.125,0.125,0.25,0.375,0.5,0.375,0.0
S,0.625,0.375,0.5,0.5,0.25,0.5,0.375,0.25,0.5,0.25,0.375,0.625,0.375,0.5,0.375,1.0,0.625,0.25,0.125,0.25,0.5,0.5,0.5,0.0
T,0.5,0.375,0.375,0.375,0.25,0.25,0.25,0.375,0.375,0.375,0.375,0.5,0.375,0.375,0.375,0.625,1.0,0.5,0.25,0.25,0.375,0.375,0.5,0.0
V,0.5,0.375,0.125,0.25,0.375,0.125,0.125,0.875,0.25,0.625,0.625,0.125,0.25,0.25,0.125,0.25,0.5,1.0,0.125,0.375,0.125,0.25,0.375,0.0
W,0.125,0.25,0.0,0.125,0.625,0.25,0.25,0.125,0.125,0.25,0.375,0.0,0.0,0.25,0.125,0.125,0.25,0.125,1.0,0.75,0.0,0.125,0.25,0.0
Y,0.25,0.25,0.125,0.25,0.875,0.125,0.75,0.375,0.25,0.375,0.375,0.25,0.125,0.375,0.25,0.25,0.25,0.375,0.75,1.0,0.125,0.25,0.375,0.0
B,0.25,0.125,1.0,0.625,0.125,0.375,0.5,0.125,0.5,0.0,0.125,0.875,0.25,0.5,0.375,0.5,0.375,0.125,0.0,0.125,1.0,0.625,0.375,0.0
Z,0.375,0.125,0.625,1.0,0.125,0.25,0.5,0.125,0.625,0.125,0.375,0.5,0.375,0.875,0.5,0.5,0.375,0.25,0.125,0.25,0.625,1.0,0.375,0.0
X,0.5,0.25,0.375,0.375,0.375,0.375,0.375,0.375,0.375,0.375,0.375,0.375,0.25,0.375,0.375,0.5,0.5,0.375,0.25,0.375,0.375,0.375,1.0,0.0
*,0.0,0.0,0.0,0.0,0.0,0.0,0.0,0.0,0.0,0.0,0.0,0.0,0.0,0.0,0.0,0.0,0.0,0.0,0.0,0.0,0.0,0.0,0.0,1.0
